{
  "name": "ff-web-components",
  "authors": [
    "tobias.armbruster <tobias.armbruster@omikron.net>"
  ],
  "description": "Web Components made to easily integrate FACT-Finder in onlineshops",
  "main": "./dist/element.build_with_dependencies.html",
  "keywords": [
    "FACT-Finder"
  ],
  "dependencies": {
    "webcomponentsjs": "^0.7.20"
  },
  "license": "FACT-Finder",
  "homepage": "http://web-components.fact-finder.de/",
  "private": true,
  "ignore": [
    "node_modules",
    "bower_components",
    "test",
    "tests"
  ],
  "_release": "3831ea43a0",
  "_resolution": {
    "type": "branch",
    "branch": "master",
    "commit": "3831ea43a057cd839dd41b72d487cc7d93c3b61a"
  },
  "_source": "https://github.com/FACT-Finder-Web-Components/ff-web-components.git",
  "_target": "master",
  "_originalSource": "https://github.com/FACT-Finder-Web-Components/ff-web-components.git"
}